Sample name	Cruise series	GEOTRACES section	Cruise ID	Cruise Station	Collection Date	Depth (m)	env_biome	env_feature	env_material	geo_loc_name	Latitude and Longitude	Bottle ID	NCBI BioProject	NCBI SRA Study	NCBI BioSample	NCBI SRA Accession	Total read pairs	NCBI SRA Accession for assembled metagenome contigs	Assembly method and version	Cruise	Station	Type	yyyy-mm-ddThh:mm:ss.sss	Longitude [degrees_east]	Latitude [degrees_north]	Bot. Depth [m]	BODC Station	'Operator''s Cruise Name'	Cruise Report	Project Name	Ship Name	Period	Chief Scientist	GEOTRACES Scientist	PRESSURE [dbar]	Photic.Zone
S0209	GEOTRACES	GA02	JC057	1	2011-03-05T20:56:00	10	ocean_biome	ocean	water	Atlantic Ocean	49.5475 S 52.6885 W	637580	PRJNA385854	SRP110813	SAMN07136678	SRR5788347	19573073	SRZ187401	metaSPAdes v3.9.0	GA02	1	B	2011-03-05T19:28:00	307.31189	-49.5472	2322	1629547	JC057	JC057_leg3.pdf		RRS James Cook	Mar - Apr 2011	Micha J.A. Rijkenberg	Hein de Baar	10.1	euphotic
S0210	GEOTRACES	GA02	JC057	1	2011-03-05T20:56:00	49	ocean_biome	ocean	water	Atlantic Ocean	49.5475 S 52.6885 W	637574	PRJNA385854	SRP110813	SAMN07136679	SRR5788350	30987812	SRZ187402	metaSPAdes v3.9.0	GA02	1	B	2011-03-05T19:28:00	307.31189	-49.5472	2322	1629547	JC057	JC057_leg3.pdf		RRS James Cook	Mar - Apr 2011	Micha J.A. Rijkenberg	Hein de Baar	49.4	euphotic
S0211	GEOTRACES	GA02	JC057	2	2011-03-06T19:40:00	11	ocean_biome	ocean	water	Atlantic Ocean	48.9358 S 48.7933 W	637724	PRJNA385854	SRP110813	SAMN07136680	SRR5788349	25669096	SRZ187403	metaSPAdes v3.9.0	GA02	2	B	2011-03-06T23:17:05	311.26529	-48.8942	5900	1629582	JC057	JC057_leg3.pdf		RRS James Cook	Mar - Apr 2011	Micha J.A. Rijkenberg	Hein de Baar	11.1	euphotic
S0212	GEOTRACES	GA02	JC057	2	2011-03-06T19:40:00	51	ocean_biome	ocean	water	Atlantic Ocean	48.9358 S 48.7933 W	637718	PRJNA385854	SRP110813	SAMN07136681	SRR5788346	28654274	SRZ187404	metaSPAdes v3.9.0	GA02	2	B	2011-03-06T23:17:05	311.26529	-48.8942	5900	1629582	JC057	JC057_leg3.pdf		RRS James Cook	Mar - Apr 2011	Micha J.A. Rijkenberg	Hein de Baar	51.4	euphotic
S0213	GEOTRACES	GA02	JC057	2	2011-03-06T19:40:00	150	ocean_biome	ocean	water	Atlantic Ocean	48.9358 S 48.7933 W	637709	PRJNA385854	SRP110813	SAMN07136682	SRR5788345	21335937	SRZ187405	metaSPAdes v3.9.0	GA02	2	B	2011-03-06T23:17:05	311.26529	-48.8942	5900	1629582	JC057	JC057_leg3.pdf		RRS James Cook	Mar - Apr 2011	Micha J.A. Rijkenberg	Hein de Baar	151.3	non-euphotic
S0214	GEOTRACES	GA02	JC057	3	2011-03-08T03:21:00	10	ocean_biome	ocean	water	Atlantic Ocean	46.907 S 47.179 W	638012	PRJNA385854	SRP110813	SAMN07136683	SRR5788104	24326587	SRZ187406	metaSPAdes v3.9.0	GA02	3	B	2011-03-08T01:17:58	312.80042	-46.92	5733	1629596	JC057	JC057_leg3.pdf		RRS James Cook	Mar - Apr 2011	Micha J.A. Rijkenberg	Hein de Baar	10.1	euphotic
S0215	GEOTRACES	GA02	JC057	3	2011-03-08T03:21:00	51	ocean_biome	ocean	water	Atlantic Ocean	46.907 S 47.179 W	638006	PRJNA385854	SRP110813	SAMN07136684	SRR5788103	22973602	SRZ187407	metaSPAdes v3.9.0	GA02	3	B	2011-03-08T01:17:58	312.80042	-46.92	5733	1629596	JC057	JC057_leg3.pdf		RRS James Cook	Mar - Apr 2011	Micha J.A. Rijkenberg	Hein de Baar	51.4	euphotic
S0216	GEOTRACES	GA02	JC057	3	2011-03-08T03:21:00	151	ocean_biome	ocean	water	Atlantic Ocean	46.907 S 47.179 W	637997	PRJNA385854	SRP110813	SAMN07136685	SRR5788106	20401030	SRZ187408	metaSPAdes v3.9.0	GA02	3	B	2011-03-08T01:17:58	312.80042	-46.92	5733	1629596	JC057	JC057_leg3.pdf		RRS James Cook	Mar - Apr 2011	Micha J.A. Rijkenberg	Hein de Baar	152.3	non-euphotic
S0217	GEOTRACES	GA02	JC057	4	2011-03-09T03:22:00	10	ocean_biome	ocean	water	Atlantic Ocean	44.7117 S 45.5265 W	638156	PRJNA385854	SRP110813	SAMN07136686	SRR5788105	24739783	SRZ187409	metaSPAdes v3.9.0	GA02	4	B	2011-03-09T01:31:58	314.4639	-44.7068	5063	1629610	JC057	JC057_leg3.pdf		RRS James Cook	Mar - Apr 2011	Micha J.A. Rijkenberg	Hein de Baar	10.1	euphotic
S0218	GEOTRACES	GA02	JC057	4	2011-03-09T03:22:00	51	ocean_biome	ocean	water	Atlantic Ocean	44.7117 S 45.5265 W	638150	PRJNA385854	SRP110813	SAMN07136687	SRR5788100	24077900	SRZ187410	metaSPAdes v3.9.0	GA02	4	B	2011-03-09T01:31:58	314.4639	-44.7068	5063	1629610	JC057	JC057_leg3.pdf		RRS James Cook	Mar - Apr 2011	Micha J.A. Rijkenberg	Hein de Baar	51.4	euphotic
S0219	GEOTRACES	GA02	JC057	4	2011-03-09T03:22:00	149	ocean_biome	ocean	water	Atlantic Ocean	44.7117 S 45.5265 W	638141	PRJNA385854	SRP110813	SAMN07136688	SRR5788099	22869731	SRZ187411	metaSPAdes v3.9.0	GA02	4	B	2011-03-09T01:31:58	314.4639	-44.7068	5063	1629610	JC057	JC057_leg3.pdf		RRS James Cook	Mar - Apr 2011	Micha J.A. Rijkenberg	Hein de Baar	150.3	non-euphotic
S0220	GEOTRACES	GA02	JC057	5	2011-03-10T02:43:00	10	ocean_biome	ocean	water	Atlantic Ocean	42.364 S 44.0318 W	638300	PRJNA385854	SRP110813	SAMN07136689	SRR5788060	25044040	SRZ187412	metaSPAdes v3.9.0	GA02	5	B	2011-03-10T00:58:29	315.97421	-42.3713	5159	1629624	JC057	JC057_leg3.pdf		RRS James Cook	Mar - Apr 2011	Micha J.A. Rijkenberg	Hein de Baar	10.1	euphotic
S0221	GEOTRACES	GA02	JC057	5	2011-03-10T02:43:00	50	ocean_biome	ocean	water	Atlantic Ocean	42.364 S 44.0318 W	638294	PRJNA385854	SRP110813	SAMN07136690	SRR5788059	20689131	SRZ187413	metaSPAdes v3.9.0	GA02	5	B	2011-03-10T00:58:29	315.97421	-42.3713	5159	1629624	JC057	JC057_leg3.pdf		RRS James Cook	Mar - Apr 2011	Micha J.A. Rijkenberg	Hein de Baar	50.4	euphotic
S0222	GEOTRACES	GA02	JC057	5	2011-03-10T02:43:00	150	ocean_biome	ocean	water	Atlantic Ocean	42.364 S 44.0318 W	638285	PRJNA385854	SRP110813	SAMN07136691	SRR5788048	18166045	SRZ187414	metaSPAdes v3.9.0	GA02	5	B	2011-03-10T00:58:29	315.97421	-42.3713	5159	1629624	JC057	JC057_leg3.pdf		RRS James Cook	Mar - Apr 2011	Micha J.A. Rijkenberg	Hein de Baar	151.2	non-euphotic
S0223	GEOTRACES	GA02	JC057	6	2011-03-11T02:17:00	10	ocean_biome	ocean	water	Atlantic Ocean	39.9648 S 42.4232 W	636995	PRJNA385854	SRP110813	SAMN07136692	SRR5788047	27158330	SRZ187415	metaSPAdes v3.9.0	GA02	6	B	2011-03-11T03:14:21	317.5834	-39.9632	5147	1629652	JC057	JC057_leg3.pdf		RRS James Cook	Mar - Apr 2011	Micha J.A. Rijkenberg	Hein de Baar	10.1	euphotic
S0224	GEOTRACES	GA02	JC057	6	2011-03-11T02:17:00	50	ocean_biome	ocean	water	Atlantic Ocean	39.9648 S 42.4232 W	636989	PRJNA385854	SRP110813	SAMN07136693	SRR5788190	19325678	SRZ187416	metaSPAdes v3.9.0	GA02	6	B	2011-03-11T03:14:21	317.5834	-39.9632	5147	1629652	JC057	JC057_leg3.pdf		RRS James Cook	Mar - Apr 2011	Micha J.A. Rijkenberg	Hein de Baar	50.4	euphotic
S0225	GEOTRACES	GA02	JC057	6	2011-03-11T02:17:00	149	ocean_biome	ocean	water	Atlantic Ocean	39.9648 S 42.4232 W	636980	PRJNA385854	SRP110813	SAMN07136694	SRR5787992	34436503	SRZ187417	metaSPAdes v3.9.0	GA02	6	B	2011-03-11T03:14:21	317.5834	-39.9632	5147	1629652	JC057	JC057_leg3.pdf		RRS James Cook	Mar - Apr 2011	Micha J.A. Rijkenberg	Hein de Baar	150.2	non-euphotic
S0226	GEOTRACES	GA02	JC057	7	2011-03-12T01:56:00	9	ocean_biome	ocean	water	Atlantic Ocean	37.8305 S 41.1248 W	637139	PRJNA385854	SRP110813	SAMN07136695	SRR5787989	22895492	SRZ187418	metaSPAdes v3.9.0	GA02	7	B	2011-03-12T05:31:51	318.86911	-37.8398	5047	1629673	JC057	JC057_leg3.pdf		RRS James Cook	Mar - Apr 2011	Micha J.A. Rijkenberg	Hein de Baar	9.1	euphotic
S0227	GEOTRACES	GA02	JC057	7	2011-03-12T01:56:00	50	ocean_biome	ocean	water	Atlantic Ocean	37.8305 S 41.1248 W	637133	PRJNA385854	SRP110813	SAMN07136696	SRR5787990	18691363	SRZ187419	metaSPAdes v3.9.0	GA02	7	B	2011-03-12T05:31:51	318.86911	-37.8398	5047	1629673	JC057	JC057_leg3.pdf		RRS James Cook	Mar - Apr 2011	Micha J.A. Rijkenberg	Hein de Baar	50.4	euphotic
S0228	GEOTRACES	GA02	JC057	7	2011-03-12T01:56:00	148	ocean_biome	ocean	water	Atlantic Ocean	37.8305 S 41.1248 W	637124	PRJNA385854	SRP110813	SAMN07136697	SRR5788467	18234842	SRZ187420	metaSPAdes v3.9.0	GA02	7	B	2011-03-12T05:31:51	318.86911	-37.8398	5047	1629673	JC057	JC057_leg3.pdf		RRS James Cook	Mar - Apr 2011	Micha J.A. Rijkenberg	Hein de Baar	149.2	?
S0229	GEOTRACES	GA02	JC057	8	2011-03-13T13:43:00	11	ocean_biome	ocean	water	Atlantic Ocean	35.0093 S 39.431 W	637418	PRJNA385854	SRP110813	SAMN07136698	SRR5788468	23750415	SRZ187421	metaSPAdes v3.9.0	GA02	8	B	2011-03-13T11:25:00	320.5632	-35.0088	4850	1629687	JC057	JC057_leg3.pdf		RRS James Cook	Mar - Apr 2011	Micha J.A. Rijkenberg	Hein de Baar	11.1	euphotic
S0177	GEOTRACES	GA02	JC057	8	2011-03-13T13:43:00	49	ocean_biome	ocean	water	Atlantic Ocean	35.0093 S 39.431 W	637412	PRJNA385854	SRP110813	SAMN07136648	SRR5788380	48743675	SRZ187371	metaSPAdes v3.9.0	GA02	8	B	2011-03-13T11:25:00	320.5632	-35.0088	4850	1629687	JC057	JC057_leg3.pdf		RRS James Cook	Mar - Apr 2011	Micha J.A. Rijkenberg	Hein de Baar	49.4	euphotic
S0178	GEOTRACES	GA02	JC057	8	2011-03-13T13:43:00	151	ocean_biome	ocean	water	Atlantic Ocean	35.0093 S 39.431 W	637403	PRJNA385854	SRP110813	SAMN07136649	SRR5788381	27087463	SRZ187372	metaSPAdes v3.9.0	GA02	8	B	2011-03-13T11:25:00	320.5632	-35.0088	4850	1629687	JC057	JC057_leg3.pdf		RRS James Cook	Mar - Apr 2011	Micha J.A. Rijkenberg	Hein de Baar	152.2	?
S0179	GEOTRACES	GA02	JC057	9	2011-03-14T18:45:00	10	ocean_biome	ocean	water	Atlantic Ocean	32.092 S 37.4563 W	639548	PRJNA385854	SRP110813	SAMN07136650	SRR5788382	27291600	SRZ187373	metaSPAdes v3.9.0	GA02	9	B	2011-03-14T17:22:26	322.54071	-32.0894	4133	1629701	JC057	JC057_leg3.pdf		RRS James Cook	Mar - Apr 2011	Micha J.A. Rijkenberg	Hein de Baar	10.1	euphotic
S0180	GEOTRACES	GA02	JC057	9	2011-03-14T18:45:00	149	ocean_biome	ocean	water	Atlantic Ocean	32.092 S 37.4563 W	639533	PRJNA385854	SRP110813	SAMN07136651	SRR5788383	32512613	SRZ187374	metaSPAdes v3.9.0	GA02	9	B	2011-03-14T17:22:26	322.54071	-32.0894	4133	1629701	JC057	JC057_leg3.pdf		RRS James Cook	Mar - Apr 2011	Micha J.A. Rijkenberg	Hein de Baar	150.1	?
S0181	GEOTRACES	GA02	JC057	10	2011-03-15T23:40:00	11	ocean_biome	ocean	water	Atlantic Ocean	29.0538 S 35.8078 W	639692	PRJNA385854	SRP110813	SAMN07136652	SRR5788384	27483914	SRZ187375	metaSPAdes v3.9.0	GA02	10	B	2011-03-15T22:09:00	324.20401	-29.0579	3852	1629722	JC057	JC057_leg3.pdf		RRS James Cook	Mar - Apr 2011	Micha J.A. Rijkenberg	Hein de Baar	11.1	euphotic
S0182	GEOTRACES	GA02	JC057	10	2011-03-15T23:40:00	50	ocean_biome	ocean	water	Atlantic Ocean	29.0538 S 35.8078 W	639686	PRJNA385854	SRP110813	SAMN07136653	SRR5788024	24654021	SRZ187376	metaSPAdes v3.9.0	GA02	10	B	2011-03-15T22:09:00	324.20401	-29.0579	3852	1629722	JC057	JC057_leg3.pdf		RRS James Cook	Mar - Apr 2011	Micha J.A. Rijkenberg	Hein de Baar	50.3	euphotic
S0183	GEOTRACES	GA02	JC057	10	2011-03-15T23:40:00	150	ocean_biome	ocean	water	Atlantic Ocean	29.0538 S 35.8078 W	639677	PRJNA385854	SRP110813	SAMN07136654	SRR5788023	21896245	SRZ187377	metaSPAdes v3.9.0	GA02	10	B	2011-03-15T22:09:00	324.20401	-29.0579	3852	1629722	JC057	JC057_leg3.pdf		RRS James Cook	Mar - Apr 2011	Micha J.A. Rijkenberg	Hein de Baar	151.1	?
S0184	GEOTRACES	GA02	JC057	11	2011-03-17T00:34:00	10	ocean_biome	ocean	water	Atlantic Ocean	26.0867 S 34.2585 W	639764	PRJNA385854	SRP110813	SAMN07136655	SRR5788022	26689064	SRZ187378	metaSPAdes v3.9.0	GA02	11	B	2011-03-17T04:12:46	325.72089	-26.0891	4575	1629743	JC057	JC057_leg3.pdf		RRS James Cook	Mar - Apr 2011	Micha J.A. Rijkenberg	Hein de Baar	10.1	euphotic
S0185	GEOTRACES	GA02	JC057	11	2011-03-17T00:34:00	50	ocean_biome	ocean	water	Atlantic Ocean	26.0867 S 34.2585 W	639758	PRJNA385854	SRP110813	SAMN07136656	SRR5788021	26859299	SRZ187379	metaSPAdes v3.9.0	GA02	11	B	2011-03-17T04:12:46	325.72089	-26.0891	4575	1629743	JC057	JC057_leg3.pdf		RRS James Cook	Mar - Apr 2011	Micha J.A. Rijkenberg	Hein de Baar	50.3	euphotic
S0186	GEOTRACES	GA02	JC057	11	2011-03-17T00:34:00	151	ocean_biome	ocean	water	Atlantic Ocean	26.0867 S 34.2585 W	639749	PRJNA385854	SRP110813	SAMN07136657	SRR5788020	31208500	SRZ187380	metaSPAdes v3.9.0	GA02	11	B	2011-03-17T04:12:46	325.72089	-26.0891	4575	1629743	JC057	JC057_leg3.pdf		RRS James Cook	Mar - Apr 2011	Micha J.A. Rijkenberg	Hein de Baar	152	?
S0187	GEOTRACES	GA02	JC057	12	2011-03-18T14:16:00	9	ocean_biome	ocean	water	Atlantic Ocean	22.4732 S 32.7487 W	638351	PRJNA385854	SRP110813	SAMN07136658	SRR5788019	41426131	SRZ187381	metaSPAdes v3.9.0	GA02	12	B	2011-03-18T14:57:16	327.25562	-22.4715	4527	1629771	JC057	JC057_leg3.pdf		RRS James Cook	Mar - Apr 2011	Micha J.A. Rijkenberg	Hein de Baar	9.1	euphotic
S0188	GEOTRACES	GA02	JC057	12	2011-03-18T14:16:00	49	ocean_biome	ocean	water	Atlantic Ocean	22.4732 S 32.7487 W	638345	PRJNA385854	SRP110813	SAMN07136659	SRR5788018	39189883	SRZ187382	metaSPAdes v3.9.0	GA02	12	B	2011-03-18T14:57:16	327.25562	-22.4715	4527	1629771	JC057	JC057_leg3.pdf		RRS James Cook	Mar - Apr 2011	Micha J.A. Rijkenberg	Hein de Baar	49.3	euphotic
S0189	GEOTRACES	GA02	JC057	12	2011-03-18T14:16:00	150	ocean_biome	ocean	water	Atlantic Ocean	22.4732 S 32.7487 W	638336	PRJNA385854	SRP110813	SAMN07136660	SRR5788017	29302170	SRZ187383	metaSPAdes v3.9.0	GA02	12	B	2011-03-18T14:57:16	327.25562	-22.4715	4527	1629771	JC057	JC057_leg3.pdf		RRS James Cook	Mar - Apr 2011	Micha J.A. Rijkenberg	Hein de Baar	151	?
S0190	GEOTRACES	GA02	JC057	13	2011-03-20T14:54:00	49	ocean_biome	ocean	water	Atlantic Ocean	17.0173 S 30.6052 W	638561	PRJNA385854	SRP110813	SAMN07136661	SRR5788016	27855556	SRZ187384	metaSPAdes v3.9.0	GA02	13	B	2011-03-20T13:07:00	329.40079	-17.0168	4911	1629785	JC057	JC057_leg3.pdf		RRS James Cook	Mar - Apr 2011	Micha J.A. Rijkenberg	Hein de Baar	49.3	euphotic
S0195	GEOTRACES	GA02	JC057	13	2011-03-20T14:54:00	143	ocean_biome	ocean	water	Atlantic Ocean	17.0173 S 30.6052 W	638552	PRJNA385854	SRP110813	SAMN07136665	SRR5788186	19642047	SRZ187388	metaSPAdes v3.9.0	GA02	13	B	2011-03-20T13:07:00	329.40079	-17.0168	4911	1629785	JC057	JC057_leg3.pdf		RRS James Cook	Mar - Apr 2011	Micha J.A. Rijkenberg	Hein de Baar	143.9	euphotic
S0191	GEOTRACES	GA02	JC057	14	2011-03-22T01:00:00	10	ocean_biome	ocean	water	Atlantic Ocean	12.8957 S 29.2335 W	638711	PRJNA385854	SRP110813	SAMN07136662	SRR5788015	23901114	SRZ187385	metaSPAdes v3.9.0	GA02	14	B	2011-03-21T23:46:41	330.77271	-12.894	5407	1629799	JC057	JC057_leg3.pdf		RRS James Cook	Mar - Apr 2011	Micha J.A. Rijkenberg	Hein de Baar	10.1	euphotic
S0192	GEOTRACES	GA02	JC057	14	2011-03-22T01:00:00	49	ocean_biome	ocean	water	Atlantic Ocean	12.8957 S 29.2335 W	638705	PRJNA385854	SRP110813	SAMN07136663	SRR5788188	29059113	SRZ187386	metaSPAdes v3.9.0	GA02	14	B	2011-03-21T23:46:41	330.77271	-12.894	5407	1629799	JC057	JC057_leg3.pdf		RRS James Cook	Mar - Apr 2011	Micha J.A. Rijkenberg	Hein de Baar	49.3	euphotic
S0193	GEOTRACES	GA02	JC057	14	2011-03-22T01:00:00	149	ocean_biome	ocean	water	Atlantic Ocean	12.8957 S 29.2335 W	638696	PRJNA385854	SRP110813	SAMN07136664	SRR5788189	23175848	SRZ187387	metaSPAdes v3.9.0	GA02	14	B	2011-03-21T23:46:41	330.77271	-12.894	5407	1629799	JC057	JC057_leg3.pdf		RRS James Cook	Mar - Apr 2011	Micha J.A. Rijkenberg	Hein de Baar	149.9	euphotic
S0196	GEOTRACES	GA02	JC057	15	2011-03-23T11:11:00	10	ocean_biome	ocean	water	Atlantic Ocean	9.1608 S 28.0012 W	638855	PRJNA385854	SRP110813	SAMN07136666	SRR5788187	19005470	SRZ187389	metaSPAdes v3.9.0	GA02	15	B	2011-03-23T09:15:29	332	-9.15415	5628	1629820	JC057	JC057_leg3.pdf		RRS James Cook	Mar - Apr 2011	Micha J.A. Rijkenberg	Hein de Baar	10.1	euphotic
S0197	GEOTRACES	GA02	JC057	15	2011-03-23T11:11:00	50	ocean_biome	ocean	water	Atlantic Ocean	9.1608 S 28.0012 W	638849	PRJNA385854	SRP110813	SAMN07136667	SRR5788184	21337418	SRZ187390	metaSPAdes v3.9.0	GA02	15	B	2011-03-23T09:15:29	332	-9.15415	5628	1629820	JC057	JC057_leg3.pdf		RRS James Cook	Mar - Apr 2011	Micha J.A. Rijkenberg	Hein de Baar	50.3	euphotic
S0198	GEOTRACES	GA02	JC057	15	2011-03-23T11:11:00	135	ocean_biome	ocean	water	Atlantic Ocean	9.1608 S 28.0012 W	638840	PRJNA385854	SRP110813	SAMN07136668	SRR5788185	22755372	SRZ187391	metaSPAdes v3.9.0	GA02	15	B	2011-03-23T09:15:29	332	-9.15415	5628	1629820	JC057	JC057_leg3.pdf		RRS James Cook	Mar - Apr 2011	Micha J.A. Rijkenberg	Hein de Baar	135.8	euphotic
S0199	GEOTRACES	GA02	JC057	16	2011-03-24T12:54:00	10	ocean_biome	ocean	water	Atlantic Ocean	5.6667 S 28.4572 W	638927	PRJNA385854	SRP110813	SAMN07136669	SRR5788182	27931995	SRZ187392	metaSPAdes v3.9.0	GA02	16	B	2011-03-24T16:23:25	331.53989	-5.677	5549	1629841	JC057	JC057_leg3.pdf		RRS James Cook	Mar - Apr 2011	Micha J.A. Rijkenberg	Hein de Baar	10.1	euphotic
S0200	GEOTRACES	GA02	JC057	16	2011-03-24T12:54:00	50	ocean_biome	ocean	water	Atlantic Ocean	5.6667 S 28.4572 W	638921	PRJNA385854	SRP110813	SAMN07136670	SRR5788183	30978820	SRZ187393	metaSPAdes v3.9.0	GA02	16	B	2011-03-24T16:23:25	331.53989	-5.677	5549	1629841	JC057	JC057_leg3.pdf		RRS James Cook	Mar - Apr 2011	Micha J.A. Rijkenberg	Hein de Baar	50.3	euphotic
S0201	GEOTRACES	GA02	JC057	16	2011-03-24T12:54:00	149	ocean_biome	ocean	water	Atlantic Ocean	5.6667 S 28.4572 W	638912	PRJNA385854	SRP110813	SAMN07136671	SRR5788180	17222947	SRZ187394	metaSPAdes v3.9.0	GA02	16	B	2011-03-24T16:23:25	331.53989	-5.677	5549	1629841	JC057	JC057_leg3.pdf		RRS James Cook	Mar - Apr 2011	Micha J.A. Rijkenberg	Hein de Baar	149.9	euphotic
S0202	GEOTRACES	GA02	JC057	17	2011-03-25T21:08:00	10	ocean_biome	ocean	water	Atlantic Ocean	2.6505 S 28.9172 W	639206	PRJNA385854	SRP110813	SAMN07136672	SRR5788181	19471955	SRZ187395	metaSPAdes v3.9.0	GA02	17	B	2011-03-25T21:54:54	331.0831	-2.65115	4908	1629869	JC057	JC057_leg3.pdf		RRS James Cook	Mar - Apr 2011	Micha J.A. Rijkenberg	Hein de Baar	10.1	euphotic
S0203	GEOTRACES	GA02	JC057	17	2011-03-25T21:08:00	65	ocean_biome	ocean	water	Atlantic Ocean	2.6505 S 28.9172 W	639200	PRJNA385854	SRP110813	SAMN07136673	SRR5788352	22439138	SRZ187396	metaSPAdes v3.9.0	GA02	17	B	2011-03-25T21:54:54	331.0831	-2.65115	4908	1629869	JC057	JC057_leg3.pdf		RRS James Cook	Mar - Apr 2011	Micha J.A. Rijkenberg	Hein de Baar	65.4	euphotic
S0204	GEOTRACES	GA02	JC057	17	2011-03-25T21:08:00	149	ocean_biome	ocean	water	Atlantic Ocean	2.6505 S 28.9172 W	639191	PRJNA385854	SRP110813	SAMN07136674	SRR5788351	25137503	SRZ187397	metaSPAdes v3.9.0	GA02	17	B	2011-03-25T21:54:54	331.0831	-2.65115	4908	1629869	JC057	JC057_leg3.pdf		RRS James Cook	Mar - Apr 2011	Micha J.A. Rijkenberg	Hein de Baar	149.9	?
S0205	GEOTRACES	GA02	JC057	18	2011-03-27T13:11:00	9	ocean_biome	ocean	water	Atlantic Ocean	0.1915 S 32.8745 W	639422	PRJNA385854	SRP110813	SAMN07136675	SRR5788354	17786685	SRZ187398	metaSPAdes v3.9.0	GA02	18	B	2011-03-27T11:28:00	327.12189	-0.18715	4354	1629883	JC057	JC057_leg3.pdf		RRS James Cook	Mar - Apr 2011	Micha J.A. Rijkenberg	Hein de Baar	9	euphotic
S0206	GEOTRACES	GA02	JC057	18	2011-03-27T13:11:00	61	ocean_biome	ocean	water	Atlantic Ocean	0.1915 S 32.8745 W	639416	PRJNA385854	SRP110813	SAMN07136676	SRR5788353	23722341	SRZ187399	metaSPAdes v3.9.0	GA02	18	B	2011-03-27T11:28:00	327.12189	-0.18715	4354	1629883	JC057	JC057_leg3.pdf		RRS James Cook	Mar - Apr 2011	Micha J.A. Rijkenberg	Hein de Baar	61.3	euphotic
S0207	GEOTRACES	GA02	JC057	18	2011-03-27T13:11:00	150	ocean_biome	ocean	water	Atlantic Ocean	0.1915 S 32.8745 W	639407	PRJNA385854	SRP110813	SAMN07136677	SRR5788348	21383021	SRZ187400	metaSPAdes v3.9.0	GA02	18	B	2011-03-27T11:28:00	327.12189	-0.18715	4354	1629883	JC057	JC057_leg3.pdf		RRS James Cook	Mar - Apr 2011	Micha J.A. Rijkenberg	Hein de Baar	150.9	?
S0001	GEOTRACES	GA02	PE319	10	2010-05-10T12:13:00	10	ocean_biome	ocean	water	Atlantic Ocean	49.7225 N 42.4467 W	631397	PRJNA385854	SRP110813	SAMN07136483	SRR5788236	20058749	SRZ187206	metaSPAdes v3.9.0	GA02	10	B	2010-05-10T10:40:28	317.5531	49.722	4403	1608554	PE319	Pelagia_319-1.pdf		R/V Pelagia	Apr - May 2010	Loes J.A. Gerringa	Hein de Baar	10.1	euphotic
S0002	GEOTRACES	GA02	PE319	10	2010-05-10T12:13:00	50	ocean_biome	ocean	water	Atlantic Ocean	49.7225 N 42.4467 W	631391	PRJNA385854	SRP110813	SAMN07136484	SRR5788235	29418997	SRZ187207	metaSPAdes v3.9.0	GA02	10	B	2010-05-10T10:40:28	317.5531	49.722	4403	1608554	PE319	Pelagia_319-1.pdf		R/V Pelagia	Apr - May 2010	Loes J.A. Gerringa	Hein de Baar	50.4	euphotic
S0003	GEOTRACES	GA02	PE319	10	2010-05-10T12:13:00	75	ocean_biome	ocean	water	Atlantic Ocean	49.7225 N 42.4467 W	631388	PRJNA385854	SRP110813	SAMN07136485	SRR5788238	28686315	SRZ187208	metaSPAdes v3.9.0	GA02	10	B	2010-05-10T10:40:28	317.5531	49.722	4403	1608554	PE319	Pelagia_319-1.pdf		R/V Pelagia	Apr - May 2010	Loes J.A. Gerringa	Hein de Baar	75.7	?
S0004	GEOTRACES	GA02	PE319	10	2010-05-10T12:13:00	101	ocean_biome	ocean	water	Atlantic Ocean	49.7225 N 42.4467 W	631385	PRJNA385854	SRP110813	SAMN07136486	SRR5788237	30938631	SRZ187209	metaSPAdes v3.9.0	GA02	10	B	2010-05-10T10:40:28	317.5531	49.722	4403	1608554	PE319	Pelagia_319-1.pdf		R/V Pelagia	Apr - May 2010	Loes J.A. Gerringa	Hein de Baar	101.9	non-euphotic
S0005	GEOTRACES	GA02	PE319	10	2010-05-10T12:13:00	152	ocean_biome	ocean	water	Atlantic Ocean	49.7225 N 42.4467 W	631382	PRJNA385854	SRP110813	SAMN07136487	SRR5788232	25991174	SRZ187210	metaSPAdes v3.9.0	GA02	10	B	2010-05-10T10:40:28	317.5531	49.722	4403	1608554	PE319	Pelagia_319-1.pdf		R/V Pelagia	Apr - May 2010	Loes J.A. Gerringa	Hein de Baar	153.4	non-euphotic
S0006	GEOTRACES	GA02	PE319	10	2010-05-10T12:13:00	199	ocean_biome	ocean	water	Atlantic Ocean	49.7225 N 42.4467 W	631379	PRJNA385854	SRP110813	SAMN07136488	SRR5788231	21561486	SRZ187211	metaSPAdes v3.9.0	GA02	10	B	2010-05-10T10:40:28	317.5531	49.722	4403	1608554	PE319	Pelagia_319-1.pdf		R/V Pelagia	Apr - May 2010	Loes J.A. Gerringa	Hein de Baar	200.8	non-euphotic
S0157	GEOTRACES	GA02	PE319	11	2010-05-11T13:26:00	9	ocean_biome	ocean	water	Atlantic Ocean	47.8007 N 39.399 W	631541	PRJNA385854	SRP110813	SAMN07136632	SRR5788109	31062384	SRZ187355	metaSPAdes v3.9.0	GA02	11	B	2010-05-11T15:01:29	320.60049	47.8	4570	1608582	PE319	Pelagia_319-1.pdf		R/V Pelagia	Apr - May 2010	Loes J.A. Gerringa	Hein de Baar	9.1	euphotic
S0158	GEOTRACES	GA02	PE319	11	2010-05-11T13:26:00	50	ocean_biome	ocean	water	Atlantic Ocean	47.8007 N 39.399 W	631535	PRJNA385854	SRP110813	SAMN07136633	SRR5788284	17736592	SRZ187356	metaSPAdes v3.9.0	GA02	11	B	2010-05-11T15:01:29	320.60049	47.8	4570	1608582	PE319	Pelagia_319-1.pdf		R/V Pelagia	Apr - May 2010	Loes J.A. Gerringa	Hein de Baar	50.4	euphotic
S0159	GEOTRACES	GA02	PE319	11	2010-05-11T13:26:00	75	ocean_biome	ocean	water	Atlantic Ocean	47.8007 N 39.399 W	631532	PRJNA385854	SRP110813	SAMN07136634	SRR5788283	142905804	SRZ187357	metaSPAdes v3.9.0	GA02	11	B	2010-05-11T15:01:29	320.60049	47.8	4570	1608582	PE319	Pelagia_319-1.pdf		R/V Pelagia	Apr - May 2010	Loes J.A. Gerringa	Hein de Baar	75.6	?
S0160	GEOTRACES	GA02	PE319	11	2010-05-11T13:26:00	101	ocean_biome	ocean	water	Atlantic Ocean	47.8007 N 39.399 W	631529	PRJNA385854	SRP110813	SAMN07136635	SRR5788286	39217331	SRZ187358	metaSPAdes v3.9.0	GA02	11	B	2010-05-11T15:01:29	320.60049	47.8	4570	1608582	PE319	Pelagia_319-1.pdf		R/V Pelagia	Apr - May 2010	Loes J.A. Gerringa	Hein de Baar	101.9	non-euphotic
S0161	GEOTRACES	GA02	PE319	11	2010-05-11T13:26:00	152	ocean_biome	ocean	water	Atlantic Ocean	47.8007 N 39.399 W	631526	PRJNA385854	SRP110813	SAMN07136636	SRR5788285	20179411	SRZ187359	metaSPAdes v3.9.0	GA02	11	B	2010-05-11T15:01:29	320.60049	47.8	4570	1608582	PE319	Pelagia_319-1.pdf		R/V Pelagia	Apr - May 2010	Loes J.A. Gerringa	Hein de Baar	153.3	non-euphotic
S0162	GEOTRACES	GA02	PE319	11	2010-05-11T13:26:00	201	ocean_biome	ocean	water	Atlantic Ocean	47.8007 N 39.399 W	631523	PRJNA385854	SRP110813	SAMN07136637	SRR5788288	37928461	SRZ187360	metaSPAdes v3.9.0	GA02	11	B	2010-05-11T15:01:29	320.60049	47.8	4570	1608582	PE319	Pelagia_319-1.pdf		R/V Pelagia	Apr - May 2010	Loes J.A. Gerringa	Hein de Baar	202.8	non-euphotic
S0008	GEOTRACES	GA02	PE319	12	2010-05-12T20:39:00	10	ocean_biome	ocean	water	Atlantic Ocean	46.312 N 39.658 W	631829	PRJNA385854	SRP110813	SAMN07136489	SRR5788234	25267615	SRZ187212	metaSPAdes v3.9.0	GA02	12	B	2010-05-12T18:57:00	320.34161	46.3119	4607	1608603	PE319	Pelagia_319-1.pdf		R/V Pelagia	Apr - May 2010	Loes J.A. Gerringa	Hein de Baar	10.1	euphotic
S0009	GEOTRACES	GA02	PE319	12	2010-05-12T20:39:00	49	ocean_biome	ocean	water	Atlantic Ocean	46.312 N 39.658 W	631823	PRJNA385854	SRP110813	SAMN07136490	SRR5788233	26551896	SRZ187213	metaSPAdes v3.9.0	GA02	12	B	2010-05-12T18:57:00	320.34161	46.3119	4607	1608603	PE319	Pelagia_319-1.pdf		R/V Pelagia	Apr - May 2010	Loes J.A. Gerringa	Hein de Baar	49.4	euphotic
S0010	GEOTRACES	GA02	PE319	12	2010-05-12T20:39:00	73	ocean_biome	ocean	water	Atlantic Ocean	46.312 N 39.658 W	631820	PRJNA385854	SRP110813	SAMN07136491	SRR5788230	25920948	SRZ187214	metaSPAdes v3.9.0	GA02	12	B	2010-05-12T18:57:00	320.34161	46.3119	4607	1608603	PE319	Pelagia_319-1.pdf		R/V Pelagia	Apr - May 2010	Loes J.A. Gerringa	Hein de Baar	73.6	non-euphotic
S0011	GEOTRACES	GA02	PE319	12	2010-05-12T20:39:00	100	ocean_biome	ocean	water	Atlantic Ocean	46.312 N 39.658 W	631817	PRJNA385854	SRP110813	SAMN07136492	SRR5788229	33506457	SRZ187215	metaSPAdes v3.9.0	GA02	12	B	2010-05-12T18:57:00	320.34161	46.3119	4607	1608603	PE319	Pelagia_319-1.pdf		R/V Pelagia	Apr - May 2010	Loes J.A. Gerringa	Hein de Baar	100.9	non-euphotic
S0012	GEOTRACES	GA02	PE319	12	2010-05-12T20:39:00	153	ocean_biome	ocean	water	Atlantic Ocean	46.312 N 39.658 W	631814	PRJNA385854	SRP110813	SAMN07136493	SRR5788436	25967480	SRZ187216	metaSPAdes v3.9.0	GA02	12	B	2010-05-12T18:57:00	320.34161	46.3119	4607	1608603	PE319	Pelagia_319-1.pdf		R/V Pelagia	Apr - May 2010	Loes J.A. Gerringa	Hein de Baar	154.3	non-euphotic
S0013	GEOTRACES	GA02	PE319	12	2010-05-12T20:39:00	198	ocean_biome	ocean	water	Atlantic Ocean	46.312 N 39.658 W	631811	PRJNA385854	SRP110813	SAMN07136494	SRR5788435	28657562	SRZ187217	metaSPAdes v3.9.0	GA02	12	B	2010-05-12T18:57:00	320.34161	46.3119	4607	1608603	PE319	Pelagia_319-1.pdf		R/V Pelagia	Apr - May 2010	Loes J.A. Gerringa	Hein de Baar	199.7	non-euphotic
S0021	GEOTRACES	GA02	PE319	15	2010-05-18T13:22:00	10	ocean_biome	ocean	water	Atlantic Ocean	37.5673 N 50.6855 W	632459	PRJNA385854	SRP110813	SAMN07136501	SRR5788428	23533825	SRZ187224	metaSPAdes v3.9.0	GA02	15	B	2010-05-19T00:32:00	309.21811	37.5345	5441	1608673	PE319	Pelagia_319-1.pdf		R/V Pelagia	Apr - May 2010	Loes J.A. Gerringa	Hein de Baar	10.1	euphotic
S0022	GEOTRACES	GA02	PE319	15	2010-05-18T13:22:00	52	ocean_biome	ocean	water	Atlantic Ocean	37.5673 N 50.6855 W	632453	PRJNA385854	SRP110813	SAMN07136502	SRR5788427	23735638	SRZ187225	metaSPAdes v3.9.0	GA02	15	B	2010-05-19T00:32:00	309.21811	37.5345	5441	1608673	PE319	Pelagia_319-1.pdf		R/V Pelagia	Apr - May 2010	Loes J.A. Gerringa	Hein de Baar	52.4	euphotic
S0023	GEOTRACES	GA02	PE319	15	2010-05-18T13:22:00	75	ocean_biome	ocean	water	Atlantic Ocean	37.5673 N 50.6855 W	632450	PRJNA385854	SRP110813	SAMN07136503	SRR5788371	23089410	SRZ187226	metaSPAdes v3.9.0	GA02	15	B	2010-05-19T00:32:00	309.21811	37.5345	5441	1608673	PE319	Pelagia_319-1.pdf		R/V Pelagia	Apr - May 2010	Loes J.A. Gerringa	Hein de Baar	75.6	euphotic
S0024	GEOTRACES	GA02	PE319	15	2010-05-18T13:22:00	103	ocean_biome	ocean	water	Atlantic Ocean	37.5673 N 50.6855 W	632447	PRJNA385854	SRP110813	SAMN07136504	SRR5788372	24224072	SRZ187227	metaSPAdes v3.9.0	GA02	15	B	2010-05-19T00:32:00	309.21811	37.5345	5441	1608673	PE319	Pelagia_319-1.pdf		R/V Pelagia	Apr - May 2010	Loes J.A. Gerringa	Hein de Baar	103.8	?
S0025	GEOTRACES	GA02	PE319	15	2010-05-18T13:22:00	151	ocean_biome	ocean	water	Atlantic Ocean	37.5673 N 50.6855 W	632444	PRJNA385854	SRP110813	SAMN07136505	SRR5788369	26113050	SRZ187228	metaSPAdes v3.9.0	GA02	15	B	2010-05-19T00:32:00	309.21811	37.5345	5441	1608673	PE319	Pelagia_319-1.pdf		R/V Pelagia	Apr - May 2010	Loes J.A. Gerringa	Hein de Baar	152.2	non-euphotic
S0026	GEOTRACES	GA02	PE319	15	2010-05-18T13:22:00	201	ocean_biome	ocean	water	Atlantic Ocean	37.5673 N 50.6855 W	632441	PRJNA385854	SRP110813	SAMN07136506	SRR5788370	24657052	SRZ187229	metaSPAdes v3.9.0	GA02	15	B	2010-05-19T00:32:00	309.21811	37.5345	5441	1608673	PE319	Pelagia_319-1.pdf		R/V Pelagia	Apr - May 2010	Loes J.A. Gerringa	Hein de Baar	202.6	non-euphotic
S0015	GEOTRACES	GA02	PE319	16	2010-05-20T13:30:00	8	ocean_biome	ocean	water	Atlantic Ocean	36.2067 N 53.2681 W	632891	PRJNA385854	SRP110813	SAMN07136495	SRR5788434	24265082	SRZ187218	metaSPAdes v3.9.0	GA02	16	B	2010-05-20T11:48:29	306.70898	36.2051	5451	1608687	PE319	Pelagia_319-1.pdf		R/V Pelagia	Apr - May 2010	Loes J.A. Gerringa	Hein de Baar	8.1	euphotic
S0016	GEOTRACES	GA02	PE319	16	2010-05-20T13:30:00	50	ocean_biome	ocean	water	Atlantic Ocean	36.2067 N 53.2681 W	632885	PRJNA385854	SRP110813	SAMN07136496	SRR5788433	24656118	SRZ187219	metaSPAdes v3.9.0	GA02	16	B	2010-05-20T11:48:29	306.70898	36.2051	5451	1608687	PE319	Pelagia_319-1.pdf		R/V Pelagia	Apr - May 2010	Loes J.A. Gerringa	Hein de Baar	50.4	euphotic
S0017	GEOTRACES	GA02	PE319	16	2010-05-20T13:30:00	74	ocean_biome	ocean	water	Atlantic Ocean	36.2067 N 53.2681 W	632882	PRJNA385854	SRP110813	SAMN07136497	SRR5788432	23071938	SRZ187220	metaSPAdes v3.9.0	GA02	16	B	2010-05-20T11:48:29	306.70898	36.2051	5451	1608687	PE319	Pelagia_319-1.pdf		R/V Pelagia	Apr - May 2010	Loes J.A. Gerringa	Hein de Baar	74.6	euphotic
S0018	GEOTRACES	GA02	PE319	16	2010-05-20T13:30:00	102	ocean_biome	ocean	water	Atlantic Ocean	36.2067 N 53.2681 W	632879	PRJNA385854	SRP110813	SAMN07136498	SRR5788431	21337686	SRZ187221	metaSPAdes v3.9.0	GA02	16	B	2010-05-20T11:48:29	306.70898	36.2051	5451	1608687	PE319	Pelagia_319-1.pdf		R/V Pelagia	Apr - May 2010	Loes J.A. Gerringa	Hein de Baar	102.8	?
S0019	GEOTRACES	GA02	PE319	16	2010-05-20T13:30:00	151	ocean_biome	ocean	water	Atlantic Ocean	36.2067 N 53.2681 W	632876	PRJNA385854	SRP110813	SAMN07136499	SRR5788430	24669237	SRZ187222	metaSPAdes v3.9.0	GA02	16	B	2010-05-20T11:48:29	306.70898	36.2051	5451	1608687	PE319	Pelagia_319-1.pdf		R/V Pelagia	Apr - May 2010	Loes J.A. Gerringa	Hein de Baar	152.2	non-euphotic
S0020	GEOTRACES	GA02	PE319	16	2010-05-20T13:30:00	199	ocean_biome	ocean	water	Atlantic Ocean	36.2067 N 53.2681 W	632873	PRJNA385854	SRP110813	SAMN07136500	SRR5788429	17147643	SRZ187223	metaSPAdes v3.9.0	GA02	16	B	2010-05-20T11:48:29	306.70898	36.2051	5451	1608687	PE319	Pelagia_319-1.pdf		R/V Pelagia	Apr - May 2010	Loes J.A. Gerringa	Hein de Baar	200.6	non-euphotic
S0027	GEOTRACES	GA02	PE319	17	2010-05-21T13:30:00	10	ocean_biome	ocean	water	Atlantic Ocean	34.3277 N 55.4316 W	632129	PRJNA385854	SRP110813	SAMN07136507	SRR5788367	50998999	SRZ187230	metaSPAdes v3.9.0	GA02	17	B	2010-05-21T11:48:00	304.5755	34.3307	5533	1608701	PE319	Pelagia_319-1.pdf		R/V Pelagia	Apr - May 2010	Loes J.A. Gerringa	Hein de Baar	10.1	euphotic
S0028	GEOTRACES	GA02	PE319	17	2010-05-21T13:30:00	50	ocean_biome	ocean	water	Atlantic Ocean	34.3277 N 55.4316 W	632123	PRJNA385854	SRP110813	SAMN07136508	SRR5788368	29124395	SRZ187231	metaSPAdes v3.9.0	GA02	17	B	2010-05-21T11:48:00	304.5755	34.3307	5533	1608701	PE319	Pelagia_319-1.pdf		R/V Pelagia	Apr - May 2010	Loes J.A. Gerringa	Hein de Baar	50.4	euphotic
S0029	GEOTRACES	GA02	PE319	17	2010-05-21T13:30:00	77	ocean_biome	ocean	water	Atlantic Ocean	34.3277 N 55.4316 W	632120	PRJNA385854	SRP110813	SAMN07136509	SRR5788365	36118801	SRZ187232	metaSPAdes v3.9.0	GA02	17	B	2010-05-21T11:48:00	304.5755	34.3307	5533	1608701	PE319	Pelagia_319-1.pdf		R/V Pelagia	Apr - May 2010	Loes J.A. Gerringa	Hein de Baar	77.6	euphotic
S0030	GEOTRACES	GA02	PE319	17	2010-05-21T13:30:00	103	ocean_biome	ocean	water	Atlantic Ocean	34.3277 N 55.4316 W	632117	PRJNA385854	SRP110813	SAMN07136510	SRR5788366	27750917	SRZ187233	metaSPAdes v3.9.0	GA02	17	B	2010-05-21T11:48:00	304.5755	34.3307	5533	1608701	PE319	Pelagia_319-1.pdf		R/V Pelagia	Apr - May 2010	Loes J.A. Gerringa	Hein de Baar	103.8	?
S0031	GEOTRACES	GA02	PE319	17	2010-05-21T13:30:00	152	ocean_biome	ocean	water	Atlantic Ocean	34.3277 N 55.4316 W	632114	PRJNA385854	SRP110813	SAMN07136511	SRR5788373	31928726	SRZ187234	metaSPAdes v3.9.0	GA02	17	B	2010-05-21T11:48:00	304.5755	34.3307	5533	1608701	PE319	Pelagia_319-1.pdf		R/V Pelagia	Apr - May 2010	Loes J.A. Gerringa	Hein de Baar	153.2	non-euphotic
S0032	GEOTRACES	GA02	PE319	17	2010-05-21T13:30:00	199	ocean_biome	ocean	water	Atlantic Ocean	34.3277 N 55.4316 W	632111	PRJNA385854	SRP110813	SAMN07136512	SRR5788374	30029518	SRZ187235	metaSPAdes v3.9.0	GA02	17	B	2010-05-21T11:48:00	304.5755	34.3307	5533	1608701	PE319	Pelagia_319-1.pdf		R/V Pelagia	Apr - May 2010	Loes J.A. Gerringa	Hein de Baar	200.5	non-euphotic
S0294	GEOTRACES	GA02	PE319	18	2010-05-22T13:07:00	9	ocean_biome	ocean	water	Atlantic Ocean	33.4334 N 58.0503 W	632273	PRJNA385854	SRP110813	SAMN07136761	SRR5788387	37800395	SRZ187484	metaSPAdes v3.9.0	GA02	18	B	2010-05-22T11:39:28	301.9498	33.4334	4504	1608715	PE319	Pelagia_319-1.pdf		R/V Pelagia	Apr - May 2010	Loes J.A. Gerringa	Hein de Baar	9.1	euphotic
S0295	GEOTRACES	GA02	PE319	18	2010-05-22T13:07:00	51	ocean_biome	ocean	water	Atlantic Ocean	33.4334 N 58.0503 W	632267	PRJNA385854	SRP110813	SAMN07136762	SRR5788256	28286252	SRZ187485	metaSPAdes v3.9.0	GA02	18	B	2010-05-22T11:39:28	301.9498	33.4334	4504	1608715	PE319	Pelagia_319-1.pdf		R/V Pelagia	Apr - May 2010	Loes J.A. Gerringa	Hein de Baar	51.4	euphotic
S0296	GEOTRACES	GA02	PE319	18	2010-05-22T13:07:00	76	ocean_biome	ocean	water	Atlantic Ocean	33.4334 N 58.0503 W	632264	PRJNA385854	SRP110813	SAMN07136763	SRR5788000	19821300	SRZ187486	metaSPAdes v3.9.0	GA02	18	B	2010-05-22T11:39:28	301.9498	33.4334	4504	1608715	PE319	Pelagia_319-1.pdf		R/V Pelagia	Apr - May 2010	Loes J.A. Gerringa	Hein de Baar	76.6	euphotic
S0297	GEOTRACES	GA02	PE319	18	2010-05-22T13:07:00	151	ocean_biome	ocean	water	Atlantic Ocean	33.4334 N 58.0503 W	632258	PRJNA385854	SRP110813	SAMN07136764	SRR5787999	24052904	SRZ187487	metaSPAdes v3.9.0	GA02	18	B	2010-05-22T11:39:28	301.9498	33.4334	4504	1608715	PE319	Pelagia_319-1.pdf		R/V Pelagia	Apr - May 2010	Loes J.A. Gerringa	Hein de Baar	152.1	non-euphotic
S0298	GEOTRACES	GA02	PE319	18	2010-05-22T13:07:00	201	ocean_biome	ocean	water	Atlantic Ocean	33.4334 N 58.0503 W	632255	PRJNA385854	SRP110813	SAMN07136765	SRR5788002	16699984	SRZ187488	metaSPAdes v3.9.0	GA02	18	B	2010-05-22T11:39:28	301.9498	33.4334	4504	1608715	PE319	Pelagia_319-1.pdf		R/V Pelagia	Apr - May 2010	Loes J.A. Gerringa	Hein de Baar	202.5	non-euphotic
S0163	GEOTRACES	GA02	PE321	21	2010-06-13T00:53:00	10	ocean_biome	ocean	water	Atlantic Ocean	31.6667 N 64.167 W	633860	PRJNA385854	SRP110813	SAMN07136638	SRR5788287	38006969	SRZ187361	metaSPAdes v3.9.0	GA02	21	B	2010-06-13T06:52:37	295.83331	31.6668	4560	1608862	PE321	Pelagia_321-2.pdf		R/V Pelagia	Jun - Jul 2010	Micha J.A. Rijkenberg	Hein de Baar	10.1	euphotic
S0164	GEOTRACES	GA02	PE321	21	2010-06-13T00:53:00	75	ocean_biome	ocean	water	Atlantic Ocean	31.6667 N 64.167 W	633851	PRJNA385854	SRP110813	SAMN07136639	SRR5788290	32677279	SRZ187362	metaSPAdes v3.9.0	GA02	21	B	2010-06-13T06:52:37	295.83331	31.6668	4560	1608862	PE321	Pelagia_321-2.pdf		R/V Pelagia	Jun - Jul 2010	Micha J.A. Rijkenberg	Hein de Baar	75.5	euphotic
S0165	GEOTRACES	GA02	PE321	21	2010-06-13T00:53:00	100	ocean_biome	ocean	water	Atlantic Ocean	31.6667 N 64.167 W	633848	PRJNA385854	SRP110813	SAMN07136640	SRR5788289	31425941	SRZ187363	metaSPAdes v3.9.0	GA02	21	B	2010-06-13T06:52:37	295.83331	31.6668	4560	1608862	PE321	Pelagia_321-2.pdf		R/V Pelagia	Jun - Jul 2010	Micha J.A. Rijkenberg	Hein de Baar	100.7	euphotic
S0166	GEOTRACES	GA02	PE321	21	2010-06-13T00:53:00	150	ocean_biome	ocean	water	Atlantic Ocean	31.6667 N 64.167 W	633845	PRJNA385854	SRP110813	SAMN07136641	SRR5788282	24904082	SRZ187364	metaSPAdes v3.9.0	GA02	21	B	2010-06-13T06:52:37	295.83331	31.6668	4560	1608862	PE321	Pelagia_321-2.pdf		R/V Pelagia	Jun - Jul 2010	Micha J.A. Rijkenberg	Hein de Baar	151.1	non-euphotic
S0167	GEOTRACES	GA02	PE321	21	2010-06-13T00:53:00	202	ocean_biome	ocean	water	Atlantic Ocean	31.6667 N 64.167 W	633842	PRJNA385854	SRP110813	SAMN07136642	SRR5788281	18740939	SRZ187365	metaSPAdes v3.9.0	GA02	21	B	2010-06-13T06:52:37	295.83331	31.6668	4560	1608862	PE321	Pelagia_321-2.pdf		R/V Pelagia	Jun - Jul 2010	Micha J.A. Rijkenberg	Hein de Baar	203.5	non-euphotic
S0168	GEOTRACES	GA02	PE321	23	2010-06-16T00:22:00	8	ocean_biome	ocean	water	Atlantic Ocean	28.0905 N 67.5015 W	634370	PRJNA385854	SRP110813	SAMN07136643	SRR5788375	37873615	SRZ187366	metaSPAdes v3.9.0	GA02	23	B	2010-06-15T17:48:38	292.4985	28.0907	4920	1608904	PE321	Pelagia_321-2.pdf		R/V Pelagia	Jun - Jul 2010	Micha J.A. Rijkenberg	Hein de Baar	8.1	? - check CTD profile
S0169	GEOTRACES	GA02	PE321	23	2010-06-16T00:22:00	76	ocean_biome	ocean	water	Atlantic Ocean	28.0905 N 67.5015 W	634361	PRJNA385854	SRP110813	SAMN07136644	SRR5788376	19720275	SRZ187367	metaSPAdes v3.9.0	GA02	23	B	2010-06-15T17:48:38	292.4985	28.0907	4920	1608904	PE321	Pelagia_321-2.pdf		R/V Pelagia	Jun - Jul 2010	Micha J.A. Rijkenberg	Hein de Baar	76.5	? - check CTD profile
S0170	GEOTRACES	GA02	PE321	23	2010-06-16T00:22:00	87	ocean_biome	ocean	water	Atlantic Ocean	28.0905 N 67.5015 W	634358	PRJNA385854	SRP110813	SAMN07136645	SRR5788377	15076646	SRZ187368	metaSPAdes v3.9.0	GA02	23	B	2010-06-15T17:48:38	292.4985	28.0907	4920	1608904	PE321	Pelagia_321-2.pdf		R/V Pelagia	Jun - Jul 2010	Micha J.A. Rijkenberg	Hein de Baar	87.6	? - check CTD profile
S0171	GEOTRACES	GA02	PE321	23	2010-06-16T00:22:00	150	ocean_biome	ocean	water	Atlantic Ocean	28.0905 N 67.5015 W	634355	PRJNA385854	SRP110813	SAMN07136646	SRR5788378	21835852	SRZ187369	metaSPAdes v3.9.0	GA02	23	B	2010-06-15T17:48:38	292.4985	28.0907	4920	1608904	PE321	Pelagia_321-2.pdf		R/V Pelagia	Jun - Jul 2010	Micha J.A. Rijkenberg	Hein de Baar	151.1	? - check CTD profile
S0172	GEOTRACES	GA02	PE321	23	2010-06-16T00:22:00	200	ocean_biome	ocean	water	Atlantic Ocean	28.0905 N 67.5015 W	634352	PRJNA385854	SRP110813	SAMN07136647	SRR5788379	23183011	SRZ187370	metaSPAdes v3.9.0	GA02	23	B	2010-06-15T17:48:38	292.4985	28.0907	4920	1608904	PE321	Pelagia_321-2.pdf		R/V Pelagia	Jun - Jul 2010	Micha J.A. Rijkenberg	Hein de Baar	201.4	? - check CTD profile
S0147	GEOTRACES	GA02	PE321	25	2010-06-17T19:56:00	11	ocean_biome	ocean	water	Atlantic Ocean	24.7143 N 67.0726 W	633245	PRJNA385854	SRP110813	SAMN07136622	SRR5788447	26848483	SRZ187345	metaSPAdes v3.9.0	GA02	25	B	2010-06-17T18:08:29	292.92731	24.7144	5573	1608932	PE321	Pelagia_321-2.pdf		R/V Pelagia	Jun - Jul 2010	Micha J.A. Rijkenberg	Hein de Baar	11.1	euphotic
S0148	GEOTRACES	GA02	PE321	25	2010-06-17T19:56:00	77	ocean_biome	ocean	water	Atlantic Ocean	24.7143 N 67.0726 W	633236	PRJNA385854	SRP110813	SAMN07136623	SRR5788112	31001923	SRZ187346	metaSPAdes v3.9.0	GA02	25	B	2010-06-17T18:08:29	292.92731	24.7144	5573	1608932	PE321	Pelagia_321-2.pdf		R/V Pelagia	Jun - Jul 2010	Micha J.A. Rijkenberg	Hein de Baar	77.5	euphotic
S0149	GEOTRACES	GA02	PE321	25	2010-06-17T19:56:00	119	ocean_biome	ocean	water	Atlantic Ocean	24.7143 N 67.0726 W	633233	PRJNA385854	SRP110813	SAMN07136624	SRR5788113	22977267	SRZ187347	metaSPAdes v3.9.0	GA02	25	B	2010-06-17T18:08:29	292.92731	24.7144	5573	1608932	PE321	Pelagia_321-2.pdf		R/V Pelagia	Jun - Jul 2010	Micha J.A. Rijkenberg	Hein de Baar	119.8	euphotic
S0150	GEOTRACES	GA02	PE321	25	2010-06-17T19:56:00	152	ocean_biome	ocean	water	Atlantic Ocean	24.7143 N 67.0726 W	633230	PRJNA385854	SRP110813	SAMN07136625	SRR5788110	34290195	SRZ187348	metaSPAdes v3.9.0	GA02	25	B	2010-06-17T18:08:29	292.92731	24.7144	5573	1608932	PE321	Pelagia_321-2.pdf		R/V Pelagia	Jun - Jul 2010	Micha J.A. Rijkenberg	Hein de Baar	153	euphotic
S0151	GEOTRACES	GA02	PE321	25	2010-06-17T19:56:00	202	ocean_biome	ocean	water	Atlantic Ocean	24.7143 N 67.0726 W	633227	PRJNA385854	SRP110813	SAMN07136626	SRR5788111	27910895	SRZ187349	metaSPAdes v3.9.0	GA02	25	B	2010-06-17T18:08:29	292.92731	24.7144	5573	1608932	PE321	Pelagia_321-2.pdf		R/V Pelagia	Jun - Jul 2010	Micha J.A. Rijkenberg	Hein de Baar	203.4	non-euphotic
S0152	GEOTRACES	GA02	PE321	27	2010-06-19T21:44:00	12	ocean_biome	ocean	water	Atlantic Ocean	22.3411 N 63.5833 W	633533	PRJNA385854	SRP110813	SAMN07136627	SRR5788116	26336708	SRZ187350	metaSPAdes v3.10.1	GA02	27	B	2010-06-19T19:48:29	296.41669	22.3409	5807	1608967	PE321	Pelagia_321-2.pdf		R/V Pelagia	Jun - Jul 2010	Micha J.A. Rijkenberg	Hein de Baar	12.1	euphotic
S0153	GEOTRACES	GA02	PE321	27	2010-06-19T21:44:00	75	ocean_biome	ocean	water	Atlantic Ocean	22.3411 N 63.5833 W	633524	PRJNA385854	SRP110813	SAMN07136628	SRR5788117	24569068	SRZ187351	metaSPAdes v3.9.0	GA02	27	B	2010-06-19T19:48:29	296.41669	22.3409	5807	1608967	PE321	Pelagia_321-2.pdf		R/V Pelagia	Jun - Jul 2010	Micha J.A. Rijkenberg	Hein de Baar	75.5	euphotic
S0154	GEOTRACES	GA02	PE321	27	2010-06-19T21:44:00	100	ocean_biome	ocean	water	Atlantic Ocean	22.3411 N 63.5833 W	633521	PRJNA385854	SRP110813	SAMN07136629	SRR5788114	38849924	SRZ187352	metaSPAdes v3.9.0	GA02	27	B	2010-06-19T19:48:29	296.41669	22.3409	5807	1608967	PE321	Pelagia_321-2.pdf		R/V Pelagia	Jun - Jul 2010	Micha J.A. Rijkenberg	Hein de Baar	100.7	euphotic
S0155	GEOTRACES	GA02	PE321	27	2010-06-19T21:44:00	127	ocean_biome	ocean	water	Atlantic Ocean	22.3411 N 63.5833 W	633518	PRJNA385854	SRP110813	SAMN07136630	SRR5788115	36820676	SRZ187353	metaSPAdes v3.9.0	GA02	27	B	2010-06-19T19:48:29	296.41669	22.3409	5807	1608967	PE321	Pelagia_321-2.pdf		R/V Pelagia	Jun - Jul 2010	Micha J.A. Rijkenberg	Hein de Baar	127.8	euphotic
S0156	GEOTRACES	GA02	PE321	27	2010-06-19T21:44:00	200	ocean_biome	ocean	water	Atlantic Ocean	22.3411 N 63.5833 W	633515	PRJNA385854	SRP110813	SAMN07136631	SRR5788108	36687766	SRZ187354	metaSPAdes v3.9.0	GA02	27	B	2010-06-19T19:48:29	296.41669	22.3409	5807	1608967	PE321	Pelagia_321-2.pdf		R/V Pelagia	Jun - Jul 2010	Micha J.A. Rijkenberg	Hein de Baar	201.4	non-euphotic
S0044	GEOTRACES	GA02	PE321	31	2010-06-24T15:06:00	8	ocean_biome	ocean	water	Atlantic Ocean	16.8312 N 56.2685 W	636299	PRJNA385854	SRP110813	SAMN07136523	SRR5788144	21922297	SRZ187246	metaSPAdes v3.9.0	GA02	31	B	2010-06-24T13:11:00	303.73138	16.831	5739	1609051	PE321	Pelagia_321-2.pdf		R/V Pelagia	Jun - Jul 2010	Micha J.A. Rijkenberg	Hein de Baar	8	euphotic
S0045	GEOTRACES	GA02	PE321	31	2010-06-24T15:06:00	76	ocean_biome	ocean	water	Atlantic Ocean	16.8312 N 56.2685 W	636290	PRJNA385854	SRP110813	SAMN07136524	SRR5788145	27685906	SRZ187247	metaSPAdes v3.9.0	GA02	31	B	2010-06-24T13:11:00	303.73138	16.831	5739	1609051	PE321	Pelagia_321-2.pdf		R/V Pelagia	Jun - Jul 2010	Micha J.A. Rijkenberg	Hein de Baar	76.5	non-euphotic
S0046	GEOTRACES	GA02	PE321	31	2010-06-24T15:06:00	101	ocean_biome	ocean	water	Atlantic Ocean	16.8312 N 56.2685 W	636287	PRJNA385854	SRP110813	SAMN07136525	SRR5788146	27382212	SRZ187248	metaSPAdes v3.9.0	GA02	31	B	2010-06-24T13:11:00	303.73138	16.831	5739	1609051	PE321	Pelagia_321-2.pdf		R/V Pelagia	Jun - Jul 2010	Micha J.A. Rijkenberg	Hein de Baar	101.6	non-euphotic
S0047	GEOTRACES	GA02	PE321	31	2010-06-24T15:06:00	150	ocean_biome	ocean	water	Atlantic Ocean	16.8312 N 56.2685 W	636284	PRJNA385854	SRP110813	SAMN07136526	SRR5788147	35963444	SRZ187249	metaSPAdes v3.9.0	GA02	31	B	2010-06-24T13:11:00	303.73138	16.831	5739	1609051	PE321	Pelagia_321-2.pdf		R/V Pelagia	Jun - Jul 2010	Micha J.A. Rijkenberg	Hein de Baar	151	non-euphotic
S0048	GEOTRACES	GA02	PE321	31	2010-06-24T15:06:00	201	ocean_biome	ocean	water	Atlantic Ocean	16.8312 N 56.2685 W	636281	PRJNA385854	SRP110813	SAMN07136527	SRR5788140	24818828	SRZ187250	metaSPAdes v3.9.0	GA02	31	B	2010-06-24T13:11:00	303.73138	16.831	5739	1609051	PE321	Pelagia_321-2.pdf		R/V Pelagia	Jun - Jul 2010	Micha J.A. Rijkenberg	Hein de Baar	202.3	non-euphotic
S0033	GEOTRACES	GA02	PE321	33	2010-06-26T12:25:00	9	ocean_biome	ocean	water	Atlantic Ocean	13.1623 N 53.4215 W	636587	PRJNA385854	SRP110813	SAMN07136513	SRR5788197	23050701	SRZ187236	metaSPAdes v3.9.0	GA02	33	B	2010-06-26T10:46:29	306.57889	13.162	5025	1609079	PE321	Pelagia_321-2.pdf		R/V Pelagia	Jun - Jul 2010	Micha J.A. Rijkenberg	Hein de Baar	9.1	euphotic
S0034	GEOTRACES	GA02	PE321	33	2010-06-26T12:25:00	75	ocean_biome	ocean	water	Atlantic Ocean	13.1623 N 53.4215 W	636578	PRJNA385854	SRP110813	SAMN07136514	SRR5788196	26335287	SRZ187237	metaSPAdes v3.9.0	GA02	33	B	2010-06-26T10:46:29	306.57889	13.162	5025	1609079	PE321	Pelagia_321-2.pdf		R/V Pelagia	Jun - Jul 2010	Micha J.A. Rijkenberg	Hein de Baar	75.4	euphotic
S0035	GEOTRACES	GA02	PE321	33	2010-06-26T12:25:00	99	ocean_biome	ocean	water	Atlantic Ocean	13.1623 N 53.4215 W	636575	PRJNA385854	SRP110813	SAMN07136515	SRR5788199	27447364	SRZ187238	metaSPAdes v3.9.0	GA02	33	B	2010-06-26T10:46:29	306.57889	13.162	5025	1609079	PE321	Pelagia_321-2.pdf		R/V Pelagia	Jun - Jul 2010	Micha J.A. Rijkenberg	Hein de Baar	99.6	non-euphotic
S0036	GEOTRACES	GA02	PE321	33	2010-06-26T12:25:00	150	ocean_biome	ocean	water	Atlantic Ocean	13.1623 N 53.4215 W	636572	PRJNA385854	SRP110813	SAMN07136516	SRR5788198	26750868	SRZ187239	metaSPAdes v3.9.0	GA02	33	B	2010-06-26T10:46:29	306.57889	13.162	5025	1609079	PE321	Pelagia_321-2.pdf		R/V Pelagia	Jun - Jul 2010	Micha J.A. Rijkenberg	Hein de Baar	150.9	non-euphotic
S0037	GEOTRACES	GA02	PE321	33	2010-06-26T12:25:00	200	ocean_biome	ocean	water	Atlantic Ocean	13.1623 N 53.4215 W	636569	PRJNA385854	SRP110813	SAMN07136517	SRR5788193	33684808	SRZ187240	metaSPAdes v3.9.0	GA02	33	B	2010-06-26T10:46:29	306.57889	13.162	5025	1609079	PE321	Pelagia_321-2.pdf		R/V Pelagia	Jun - Jul 2010	Micha J.A. Rijkenberg	Hein de Baar	201.3	non-euphotic
S0039	GEOTRACES	GA02	PE321	35	2010-06-28T14:16:00	9	ocean_biome	ocean	water	Atlantic Ocean	9.5462 N 50.4686 W	634616	PRJNA385854	SRP110813	SAMN07136518	SRR5788192	26955573	SRZ187241	metaSPAdes v3.9.0	GA02	35	B	2010-06-28T12:42:28	309.5314	9.5459	4787	1609114	PE321	Pelagia_321-2.pdf		R/V Pelagia	Jun - Jul 2010	Micha J.A. Rijkenberg	Hein de Baar	9.1	euphotic
S0040	GEOTRACES	GA02	PE321	35	2010-06-28T14:16:00	72	ocean_biome	ocean	water	Atlantic Ocean	9.5462 N 50.4686 W	634607	PRJNA385854	SRP110813	SAMN07136519	SRR5788195	26308765	SRZ187242	metaSPAdes v3.9.0	GA02	35	B	2010-06-28T12:42:28	309.5314	9.5459	4787	1609114	PE321	Pelagia_321-2.pdf		R/V Pelagia	Jun - Jul 2010	Micha J.A. Rijkenberg	Hein de Baar	72.4	euphotic
S0041	GEOTRACES	GA02	PE321	35	2010-06-28T14:16:00	100	ocean_biome	ocean	water	Atlantic Ocean	9.5462 N 50.4686 W	634604	PRJNA385854	SRP110813	SAMN07136520	SRR5788194	29117451	SRZ187243	metaSPAdes v3.9.0	GA02	35	B	2010-06-28T12:42:28	309.5314	9.5459	4787	1609114	PE321	Pelagia_321-2.pdf		R/V Pelagia	Jun - Jul 2010	Micha J.A. Rijkenberg	Hein de Baar	100.6	euphotic
S0042	GEOTRACES	GA02	PE321	35	2010-06-28T14:16:00	151	ocean_biome	ocean	water	Atlantic Ocean	9.5462 N 50.4686 W	634601	PRJNA385854	SRP110813	SAMN07136521	SRR5788201	20061969	SRZ187244	metaSPAdes v3.9.0	GA02	35	B	2010-06-28T12:42:28	309.5314	9.5459	4787	1609114	PE321	Pelagia_321-2.pdf		R/V Pelagia	Jun - Jul 2010	Micha J.A. Rijkenberg	Hein de Baar	151.9	?
S0043	GEOTRACES	GA02	PE321	35	2010-06-28T14:16:00	201	ocean_biome	ocean	water	Atlantic Ocean	9.5462 N 50.4686 W	634598	PRJNA385854	SRP110813	SAMN07136522	SRR5788200	29398077	SRZ187245	metaSPAdes v3.9.0	GA02	35	B	2010-06-28T12:42:28	309.5314	9.5459	4787	1609114	PE321	Pelagia_321-2.pdf		R/V Pelagia	Jun - Jul 2010	Micha J.A. Rijkenberg	Hein de Baar	202.2	non-euphotic
